	Instrument,	My DMM6500
	.Model,	DMM6500
	.SerialNumber,	04635780
	Acquisition,	
	.Measure Delay,	0 s
	.Measure Count Infinite,	Enabled
	.Start at HH:MM Enabled,	Disabled
	Function ,	2-Wire Resistance
	.Range,	Auto
	.NPLC,	1
	.Auto Zero,	On
	.Auto Delay,	Enabled
	.Line Sync,	Disabled
	Rel Enabled,	Disabled
	Filter,	
	.Digital,	Disabled
	Math,	Disabled
	Trigger Mode,	Immediate
	Limit 1,	Disabled
	Limit 2,	Disabled

"Index","DMM-1 Time (s)","DMM-1 Resistance (Ω)"
"1","0","13.2034154427626"
"2","0.016710788","13.2098251192487"
"3","0.03341897","13.2147752980698"
"4","0.050127637","13.2145389421726"
"5","0.066838697","13.2167518242598"
"6","0.102268","13.220371023935"
"7","0.118975788","13.2249459877694"
"8","0.135684152","13.2334887762273"
"9","0.152394546","13.2467527737309"
"10","0.16910494","13.2603683506316"
"11","0.204536","13.2838975801937"
"12","0.221243849","13.2908213307561"
"13","0.237952213","13.3016423154021"
"14","0.254664031","13.3084449337276"
"15","0.271370364","13.3165268283766"
"16","0.306797","13.3220738059689"
"17","0.323503697","13.3140288419296"
"18","0.340214091","13.3056455935046"
"19","0.356924485","13.2977350568851"
"20","0.373634879","13.2916592329605"
"21","0.409064","13.2790038515936"
"22","0.42577197","13.2765664313467"
"23","0.442482364","13.2744599093636"
"24","0.459188697","13.2756771422627"
"25","0.475897061","13.278410007388"
"26","0.511327","13.2875023235212"
"27","0.528037","13.2930079388305"
"28","0.544745303","13.2979610722171"
"29","0.561453546","13.3009893822208"
"30","0.578161788","13.300549169352"
"31","0.613586","13.2982041224271"
"32","0.630297697","13.2983666171018"
"33","0.64700594","13.2982794608672"
"34","0.663712182","13.2998571364365"
"35","0.680420425","13.3041322236066"
"36","0.715849","13.3201985152657"
"37","0.732555273","13.3253230064174"
"38","0.749265546","13.3328125336988"
"39","0.765973788","13.3384422355665"
"40","0.782682031","13.3415739511161"
"41","0.81811","13.3509661433163"
"42","0.834818273","13.3602578842629"
"43","0.851530576","13.3684948870481"
"44","0.868240849","13.3750197868512"
"45","0.884947061","13.382361591701"
"46","0.920374","13.3930212423642"
"47","0.937083728","13.3974928003682"
"48","0.95379197","13.3991044520968"
"49","0.970502273","13.3966552141811"
"50","0.987210758","13.3948411827213"
"51","1.022636","13.3786788714816"
"52","1.039345152","13.3658299743823"
"53","1.056055728","13.3571453726294"
"54","1.07276597","13.3511995447582"
"55","1.089478334","13.3435209327644"
"56","1.124906","13.3311816780541"
"57","1.141612516","13.3297975188701"
"58","1.158320758","13.329553776858"
"59","1.175031031","13.3293957138562"
"60","1.191739273","13.3312319036808"
"61","1.227163","13.3338422646672"
"62","1.243870182","13.3318036950953"
"63","1.260580455","13.3292599148035"
"64","1.277286667","13.3254309493467"
"65","1.293992879","13.3233406769233"
"66","1.329419","13.3197096595265"
"67","1.34612891","13.3171614475616"
"68","1.362835122","13.3147890252917"
"69","1.379545394","13.3105538231449"
"70","1.396253637","13.3098299832244"
"71","1.431678","13.3251766324974"
"72","1.448386061","13.3363208126294"
"73","1.465096364","13.345925725039"
"74","1.481802576","13.3565011738149"
"75","1.498508788","13.36410592452"
"76","1.533932","13.3739841234254"
"77","1.550640182","13.3793700832294"
"78","1.567348455","13.3826199766931"
"79","1.584054667","13.3851593252678"
"80","1.60076494","13.388367856451"
"81","1.636191","13.4028874941124"
"82","1.652901516","13.4133521510656"
"83","1.669609758","13.4195993326375"
"84","1.68632","13.4272040833426"
"85","1.703032303","13.4299901283756"
"86","1.738459","13.4239704393462"
"87","1.75516694","13.4138573617768"
"88","1.771877213","13.406112274763"
"89","1.788585455","13.4001546291543"
"90","1.805293697","13.3963936160822"
"91","1.84072","13.3911051530821"
"92","1.857429879","13.38853921447"
"93","1.874140152","13.3890444251812"
"94","1.890846364","13.3901360939402"
"95","1.907552576","13.39025279466"
"96","1.942978","13.3916797933355"
"97","1.959684425","13.3913666217835"
"98","1.976392667","13.3913385545218"
"99","1.993098879","13.3908318665863"
"100","2.009809152","13.3901080266784"
"101","2.045232","13.3948942334159"
"102","2.061941122","13.3987350166003"
"103","2.078652122","13.4032390734962"
"104","2.095362394","13.4107286007058"
"105","2.112070637","13.4192713888425"
"106","2.147497","13.4361959476671"
"107","2.16420694","13.4449810005892"
"108","2.180913152","13.4528664239117"
"109","2.197619394","13.4605790119909"
"110","2.214327637","13.4645246781007"
"111","2.249752","13.4701696406162"
"112","2.266461788","13.4747771020757"
"113","2.283172061","13.4787670839296"
"114","2.299880303","13.4811306422289"
"115","2.316590576","13.4845666651064"
"116","2.352019","13.4925806049647"
"117","2.368730697","13.4942941847316"
"118","2.38543894","13.4965691095947"
"119","2.402147182","13.5002030804797"
"120","2.418853394","13.5013302023437"
"121","2.454278","13.4878800783971"
"122","2.470986031","13.4783638017948"
"123","2.487694334","13.4686658266483"
"124","2.504404606","13.461072895612"
"125","2.52111491","13.4556160303887"
"126","2.556539","13.4468295024113"
"127","2.573245485","13.4449741091464"
"128","2.589951697","13.4411643486128"
"129","2.60665791","13.4387106796534"
"130","2.623366152","13.4359807698178"
"131","2.658791","13.4317559093579"
"132","2.675497394","13.4317204559834"
"133","2.692209728","13.4297779065062"
"134","2.70892","13.4286788518971"
"135","2.725632303","13.4285222661598"
"136","2.761057","13.4266284650725"
"137","2.777765031","13.4251276055525"
"138","2.794473273","13.4242427484142"
"139","2.811181516","13.4246652344602"
"140","2.827889849","13.4256032716602"
"141","2.863317","13.4301442580426"
"142","2.880026758","13.4338919751708"
"143","2.896737031","13.4374816293378"
"144","2.913445303","13.4412736631841"
"145","2.930153576","13.4461160032497"
"146","2.965575","13.4531978148038"
"147","2.982285243","13.4534193983943"
"148","2.998993516","13.4539452901159"
"149","3.015703788","13.4544637957178"
"150","3.032410334","13.4551196831458"
"151","3.067836","13.4594156489997"
"152","3.084544122","13.4618294322648"
"153","3.101254425","13.4654796516334"
"154","3.117962667","13.4706883418372"
"155","3.13467497","13.4744833291128"
"156","3.170104","13.4804025638396"
"157","3.186813697","13.4778307176556"
"158","3.203524091","13.4707784524732"
"159","3.220232334","13.4633169963701"
"160","3.236940576","13.4569220956633"
"161","3.272367","13.4435857215396"
"162","3.289074758","13.4402516280087"
"163","3.305783031","13.4371036646439"
"164","3.322491303","13.4360622220478"
"165","3.339199546","13.4354521287256"
"166","3.374629","13.4359514302823"
"167","3.391336576","13.4365969769695"
"168","3.408046849","13.4383164651707"
"169","3.424755091","13.4380372699215"
"170","3.441465364","13.4361301743307"
"171","3.476892","13.4344180722473"
"172","3.493598516","13.4337001416066"
"173","3.510306879","13.4330339137898"
"174","3.527015122","13.4350739594993"
"175","3.543725394","13.4361272198836"
"176","3.579153","13.4405825260818"
"177","3.595861303","13.4442327454504"
"178","3.612567516","13.450801958535"
"179","3.629275758","13.4583623886153"
"180","3.645984","13.4629107598965"
"181","3.681409","13.4762367934554"
"182","3.698118697","13.4788662513575"
"183","3.71482897","13.4823938611722"
"184","3.731541303","13.4834958699334"
"185","3.748251576","13.4851961542285"
"186","3.783679","13.4870234797481"
"187","3.800386879","13.487348468927"
"188","3.817093091","13.487239154385"
"189","3.833803364","13.4882613930751"
"190","3.850511637","13.490193601466"
"191","3.885938","13.4944565391628"
"192","3.902648576","13.496368066326"
"193","3.919358819","13.4984849275508"
"194","3.936067091","13.4963503396445"
"195","3.952777364","13.4885579858685"
"196","3.988203","13.4701739398513"
"197","4.00491294","13.462876455936"
"198","4.021621485","13.4585703495366"
"199","4.038328031","13.4553987507581"
"200","4.055036606","13.4521488591359"
"201","4.090461","13.4498635944361"
"202","4.107167091","13.4505460716768"
"203","4.123877394","13.4529066747732"
"204","4.140583637","13.4554563624732"
"205","4.157294061","13.457992755162"
"206","4.192722","13.4553263668083"
"207","4.209429697","13.4522832864712"
"208","4.22613797","13.4494189501733"
"209","4.242848667","13.4480588528537"
"210","4.259555425","13.4470070697139"
"211","4.294981","13.4450423624443"
"212","4.311687364","13.4449877051744"
"213","4.328393576","13.4458563125988"
"214","4.345101819","13.4487206489867"
"215","4.361808061","13.4496424364575"
"216","4.397233","13.4572678642212"
"217","4.413941273","13.4594659728056"
"218","4.430649516","13.4615828340968"
"219","4.447355728","13.463690832047"
"220","4.46406397","13.465168055558"
"221","4.499489","13.4653792985201"
"222","4.516194606","13.4665832356815"
"223","4.532900819","13.4662080209097"
"224","4.549607061","13.4668594764781"
"225","4.566317334","13.4672790079552"
"226","4.601745","13.4699276697104"
"227","4.618457394","13.4734863011484"
"228","4.635165637","13.4764038175826"
"229","4.651871849","13.4806242451535"
"230","4.668580122","13.4865892736908"
"231","4.704001","13.4696004177159"
"232","4.720707455","13.4583587461024"
"233","4.737415697","13.4514394307492"
"234","4.75412191","13.4458304127313"
"235","4.770830273","13.4399746983718"
"236","4.806258","13.4325383547578"
"237","4.822965576","13.4313358947455"
"238","4.839675849","13.4314215737145"
"239","4.856382152","13.4307198925034"
"240","4.873090425","13.4315323654846"
"241","4.908517","13.4354839386208"
"242","4.92522291","13.4352357650556"
"243","4.941931152","13.4352667867513"
"244","4.958639455","13.4341396651427"
"245","4.975347697","13.4334040077888"
"246","5.010775","13.4325531269938"
"247","5.027482031","13.4323640423727"
"248","5.044192606","13.4323359751243"
"249","5.060901182","13.43342912059"
"250","5.077610273","13.4354041685463"
"251","5.113038","13.4444639808992"
"252","5.129748243","13.4495485845383"
"253","5.146454455","13.4546686415439"
"254","5.163164728","13.4611654709468"
"255","5.179875","13.4661924628654"
"256","5.215299","13.4730999604297"
"257","5.232006849","13.4723465763926"
"258","5.248715849","13.4718561381566"
"259","5.265422061","13.4743290104668"
"260","5.282132334","13.4769510823609"
"261","5.317558","13.4801921109444"
"262","5.334265758","13.4815585427765"
"263","5.350976031","13.4849635431798"
"264","5.367686303","13.4888383006886"
"265","5.384398606","13.496547930669"
"266","5.419822","13.5097484007792"
"267","5.436530303","13.511550613574"
"268","5.453236516","13.5067909991274"
"269","5.469944758","13.4979572019856"
"270","5.486651122","13.4867598470802"
"271","5.522079","13.4712401904685"
"272","5.538787061","13.4667774972927"
"273","5.555497334","13.461849478612"
"274","5.572207606","13.4586926512976"
"275","5.588915849","13.4576866618727"
"276","5.624343","13.4557574075571"
"277","5.641052849","13.4546790341647"
"278","5.657763122","13.4550542490163"
"279","5.674473394","13.4563675009968"
"280","5.691179606","13.4564812472314"
"281","5.726606","13.4564605660978"
"282","5.743314091","13.4548223248757"
"283","5.760020303","13.4529388644987"
"284","5.776726516","13.4519520789834"
"285","5.793434758","13.4508160938619"
"286","5.828862","13.4525518318565"
"287","5.845568061","13.4546435807929"
"288","5.862276303","13.4564782927837"
"289","5.878984546","13.460675085671"
"290","5.895692788","13.4650713037747"
"291","5.931117","13.4738711261011"
"292","5.947824637","13.4800680800477"
"293","5.964535031","13.4839827231843"
"294","5.981241243","13.4862295806224"
"295","5.997947455","13.490093998149"
"296","6.033374","13.4926643676048"
"297","6.050080879","13.4945448735342"
"298","6.066787061","13.4981537313391"
"299","6.083497364","13.5007802353002"
"300","6.100207667","13.5058648397064"
"301","6.135631","13.5139762757303"
"302","6.152339031","13.5192617825767"
"303","6.169047273","13.5253272636028"
"304","6.185755516","13.5313277467806"
"305","6.202463758","13.535709192646"
"306","6.237889","13.5338406648089"
"307","6.254601546","13.5243450699492"
"308","6.271311819","13.5163902195573"
"309","6.288022091","13.5091222782521"
"310","6.304732364","13.5034792831737"
"311","6.340157","13.4955017041109"
"312","6.356867152","13.4933287070331"
"313","6.373577425","13.4931780301453"
"314","6.390285667","13.4926462293648"
"315","6.40699797","13.4930376938282"
"316","6.44242","13.4933907504574"
"317","6.459132516","13.4951117168719"
"318","6.475840758","13.4944513975695"
"319","6.492551031","13.4942948117842"
"320","6.509259394","13.4935739262818"
"321","6.544686","13.4890713463408"
"322","6.561396031","13.4867447179264"
"323","6.578104273","13.4862631427752"
"324","6.594810516","13.4860356502191"
"325","6.611518788","13.488235237336"
"326","6.646946","13.4913817252869"
"327","6.663656182","13.4951663741743"
"328","6.680366455","13.4998831516519"
"329","6.697072758","13.5033250844809"
"330","6.713781031","13.5056369406514"
"331","6.749206","13.5106255274167"
"332","6.765916213","13.5123937650117"
"333","6.782624455","13.5133273708262"
"334","6.799334728","13.5137705381433"
"335","6.81604094","13.5132343056897"
"336","6.851467","13.5146642588993"
"337","6.868174819","13.5147661873822"
"338","6.884883091","13.5153688949334"
"339","6.901589303","13.5178269963185"
"340","6.918299576","13.5199881756012"
"341","6.953725","13.5278100787468"
"342","6.97043097","13.5296270647466"
"343","6.987141243","13.5300392103514"
"344","7.003847455","13.526671138742"
"345","7.020554","13.5187546932355"
"346","7.055975","13.5013249226567"
"347","7.072680728","13.4965904184864"
"348","7.089389","13.4942091327696"
"349","7.106095243","13.4914910398918"
"350","7.122807576","13.4892028193115"
"351","7.158233","13.4892544610279"
"352","7.174945091","13.4888541330547"
"353","7.191657455","13.4915397280924"
"354","7.208363667","13.4951796104758"
"355","7.22507397","13.4955489167241"
"356","7.260502","13.492956386861"
"357","7.27721197","13.4904273776725"
"358","7.293918182","13.4884360783816"
"359","7.310628455","13.4870755541628"
"360","7.327336697","13.4857859367437"
"361","7.362765","13.4845864300492"
"362","7.37947497","13.4849247145727"
"363","7.396185273","13.487691556985"
"364","7.412895546","13.4904864666722"
"365","7.429603819","13.4930287708856"
"366","7.465035","13.5010294214491"
"367","7.481742819","13.5063474314248"
"368","7.498451061","13.5107539935797"
"369","7.515157303","13.5140733181395"
"370","7.531867576","13.5158105347316"
"371","7.567293","13.5152920287589"
"372","7.583998697","13.5174827534239"
"373","7.60070897","13.5190825880916"
"374","7.617415303","13.5200176715123"
"375","7.634123546","13.5209955944579"
"376","7.669547","13.5276977642523"
"377","7.686257455","13.5312046963862"
"378","7.702963819","13.5353571758423"
"379","7.719674091","13.5387134310269"
"380","7.736384364","13.5399247555214"
"381","7.771814","13.522713607125"
"382","7.788522182","13.5114911288513"
"383","7.805232455","13.5052350810049"
"384","7.821940697","13.5004665987267"
"385","7.83865097","13.496661267144"
"386","7.874077","13.4918853987409"
"387","7.890789485","13.4915412053174"
"388","7.907495697","13.4897818303505"
"389","7.92420394","13.48770189756"
"390","7.940914243","13.4876620124852"
"391","7.976341","13.4898546071149"
"392","7.993051485","13.4892563306862"
"393","8.009763819","13.4895517758362"
"394","8.026474394","13.4881764786629"
"395","8.04318094","13.4868573160682"
"396","8.078608","13.4827683551923"
"397","8.09531991","13.4832277724005"
"398","8.112026122","13.4842027413955"
"399","8.128736394","13.4850905540712"
"400","8.145448697","13.4883301101409"
"401","8.180877","13.501245494873"
"402","8.197586788","13.504353577851"
"403","8.214293","13.5091929694079"
"404","8.231003273","13.514273415419"
"405","8.247710243","13.5173637717485"
"406","8.283137","13.5259612257816"
"407","8.29984291","13.5290205603697"
"408","8.316549122","13.5308124352395"
"409","8.333259425","13.5322601165029"
"410","8.349969697","13.5337831362809"
"411","8.385397","13.5387584327042"
"412","8.402109243","13.5415474349748"
"413","8.418817485","13.5447101753674"
"414","8.435527788","13.5467339746845"
"415","8.452240091","13.5476557635705"
"416","8.487666","13.5393655724993"
"417","8.504376031","13.5319366040573"
"418","8.521086303","13.5243362774249"
"419","8.537796576","13.5173061599431"
"420","8.55450491","13.5149425986969"
"421","8.589928","13.5080720215992"
"422","8.606637697","13.5068060391067"
"423","8.62334594","13.505186999653"
"424","8.640052152","13.5067011560764"
"425","8.656758485","13.5084575775275"
"426","8.692185","13.5129867517656"
"427","8.708895485","13.5137312735582"
"428","8.725605879","13.5134830996273"
"429","8.742312091","13.5110885166397"
"430","8.759022364","13.5090721034515"
"431","8.794446","13.5053722331969"
"432","8.811155606","13.5043721511609"
"433","8.827861879","13.5035980847105"
"434","8.844568122","13.5029924220299"
"435","8.861276364","13.5022183555796"
"436","8.896702","13.5048123645238"
"437","8.913409879","13.5076087534369"
"438","8.930118122","13.5095646007274"
"439","8.946828516","13.5099856101517"
"440","8.963538788","13.5109783060575"
"441","8.998965","13.5141897954907"
"442","9.01567094","13.5153006694804"
"443","9.032377516","13.5157970174333"
"444","9.049084061","13.5164824503206"
"445","9.065790697","13.5165710838836"
"446","9.101218","13.517875474486"
"447","9.117928061","13.5198106406118"
"448","9.134638334","13.5219481867065"
"449","9.151346576","13.5241477762953"
"450","9.168054849","13.5230871279912"
"451","9.203481","13.5091819991804"
"452","9.220190758","13.5015137187537"
"453","9.236899","13.4980629187003"
"454","9.253608031","13.4954142523923"
"455","9.270316425","13.4920195869289"
"456","9.305742","13.486846341301"
"457","9.322452334","13.4855330873423"
"458","9.339160576","13.4854488854574"
"459","9.355872879","13.4844295994828"
"460","9.372581152","13.4859851185137"
"461","9.408006","13.4876292711076"
"462","9.424715879","13.4881980031369"
"463","9.441424122","13.487054630174"
"464","9.458132364","13.4850618522323"
"465","9.474844667","13.4835801945039"
"466","9.510273","13.4817824104008"
"467","9.526981152","13.4806567641505"
"468","9.543689425","13.4818562717033"
"469","9.560397667","13.4826524965444"
"470","9.57710797","13.4837766655686"
"471","9.612536","13.4871375557174"
"472","9.629244031","13.490109734752"
"473","9.645952273","13.4921704652457"
"474","9.662662546","13.4933094066153"
"475","9.679372819","13.4950584423891"
"476","9.714797","13.4983408389174"
"477","9.731503334","13.4985254921874"
"478","9.748213606","13.4999362431705"
"479","9.764921849","13.5011815448237"
"480","9.781632243","13.5037844173182"
"481","9.817058","13.5089118693206"
"482","9.833764243","13.5134779753822"
"483","9.850470455","13.5157543808953"
"484","9.867176697","13.52033082754"
"485","9.88388497","13.5220783860876"
"486","9.919314","13.5112399777493"
"487","9.936021667","13.5068068220422"
"488","9.95272991","13.5021786724819"
"489","9.969438182","13.497811991952"
"490","9.986148455","13.4927391973174"
"491","10.021574","13.483669028693"
"492","10.038281303","13.4807692337403"
"493","10.054989849","13.4804412895327"
"494","10.071699546","13.4795918844905"
"495","10.088407819","13.4782313591968"
"496","10.123836","13.4790763325605"
"497","10.140542031","13.4784957826795"
"498","10.157252303","13.4788532714103"
"499","10.173960546","13.4783776045867"
"500","10.190668788","13.476980148639"
"501","10.226095","13.4753906532905"
"502","10.242803546","13.4740419458061"
"503","10.259514606","13.4724347237437"
"504","10.276225","13.4736652531353"
"505","10.292935273","13.4749977111319"
"506","10.328359","13.4820337393335"
"507","10.345071303","13.4868716550086"
"508","10.361781576","13.4944660746988"
"509","10.378491849","13.4977189267039"
"510","10.395200091","13.5007590581418"
"511","10.430625","13.5062122554016"
"512","10.447331243","13.5065239500947"
"513","10.464041667","13.5066716726981"
"514","10.48074791","13.5083128708218"
"515","10.497456152","13.5101771300767"
"516","10.532881","13.513455094646"
"517","10.549586637","13.5157004782176"
"518","10.566292849","13.5196993290915"
"519","10.583001091","13.5241900962346"
"520","10.599709334","13.5290088075574"
"521","10.635133","13.5335690043241"
"522","10.651841182","13.5311832842793"
"523","10.668551425","13.5263099155933"
"524","10.685257637","13.5229684303046"
"525","10.70196591","13.5191424148767"
"526","10.737391","13.5107192720311"
"527","10.754101243","13.5091711391476"
"528","10.770811516","13.5058222677286"
"529","10.787521788","13.5031130351824"
"530","10.804232091","13.4992840653024"
"531","10.839659","13.4946367121996"
"532","10.856367273","13.4929881279457"
"533","10.873079606","13.4911194370128"
"534","10.88979191","13.491564082049"
"535","10.906498122","13.4898549315277"
"536","10.941926","13.4854749563371"
"537","10.958632122","13.4827125436536"
"538","10.975342394","13.4816740537518"
"539","10.992054697","13.4803061424444"
"540","11.00876294","13.4808512388509"
"541","11.044191","13.4820226790958"
"542","11.060901637","13.4841764746533"
"543","11.077610394","13.4855414315086"
"544","11.094318637","13.4863184524025"
"545","11.11102691","13.488082260287"
"546","11.146454","13.4892876767307"
"547","11.163160152","13.4889050751879"
"548","11.179866394","13.488256572959"
"549","11.196574637","13.4863110662723"
"550","11.213282879","13.4880202167936"
"551","11.24871","13.4917857982369"
"552","11.265421122","13.4927134960492"
"553","11.282129364","13.4981496870508"
"554","11.298839667","13.5074104156893"
"555","11.315545879","13.517982920852"
"556","11.350969","13.5319486137133"
"557","11.367681182","13.5341157039849"
"558","11.384391485","13.5334834513358"
"559","11.401103788","13.5289232552428"
"560","11.41781","13.5240942040514"
"561","11.453234","13.5099394262857"
"562","11.469943849","13.5051975314174"
"563","11.486652243","13.4989754562818"
"564","11.503362516","13.4955571557443"
"565","11.520072788","13.4926765654038"
"566","11.555498","13.4871251507885"
"567","11.572206394","13.4858783722001"
"568","11.588912637","13.484684773741"
"569","11.60562494","13.483811733284"
"570","11.622335213","13.4810892061057"
"571","11.65776","13.4803890010691"
"572","11.674470394","13.4798143602268"
"573","11.691176758","13.4770829696936"
"574","11.707887031","13.4763916280119"
"575","11.724599334","13.4756914229752"
"576","11.760026","13.4757623298144"
"577","11.77673397","13.4754240451026"
"578","11.793442213","13.4766058257551"
"579","11.810152485","13.4789457514472"
"580","11.826862758","13.4808321688138"
"581","11.862289","13.4851043058727"
"582","11.878995455","13.4873585524674"
"583","11.895707788","13.4889199801545"
"584","11.912416061","13.4902613011952"
"585","11.929126334","13.4915952361067"
"586","11.964549","13.4927356544364"
"587","11.981256819","13.4933413170208"
"588","11.997967122","13.4942202663812"
"589","12.014675364","13.4959589611662"
"590","12.03138594","13.4981024158247"
"591","12.066809","13.5040107071458"
"592","12.083515546","13.5052914616203"
"593","12.100223788","13.5076564995829"
"594","12.116934061","13.5106183366316"
"595","12.133644364","13.5097290469043"
"596","12.16907","13.498643947047"
"597","12.185782","13.4926966373421"
"598","12.202490273","13.4902311480481"
"599","12.219200546","13.4864139974576"
"600","12.235910819","13.4838065883017"
"601","12.271338","13.4775017900846"
"602","12.288050303","13.4762033089147"
"603","12.304760606","13.4766937477639"
"604","12.32147091","13.4776761026876"
"605","12.338179152","13.4778297341343"
"606","12.373608","13.4769758978247"
"607","12.390317879","13.4759359311084"
"608","12.407028152","13.4751825461294"
"609","12.423738425","13.4754927634737"
"610","12.440448849","13.4738633838032"
"611","12.475875","13.4711393800749"
"612","12.492582758","13.4726092193969"
"613","12.50928897","13.4751205026605"
"614","12.525999273","13.4771930499657"
"615","12.542707516","13.4801445464132"
"616","12.578137","13.4834727353502"
"617","12.594847485","13.4858614089015"
"618","12.611553697","13.4898661670943"
"619","12.628264031","13.4931795837768"
"620","12.644972273","13.4973497912198"
"621","12.680398","13.4998743695125"
"622","12.697106031","13.5021049799407"
"623","12.713812243","13.5031611961369"
"624","12.730522516","13.5036767478187"
"625","12.747230758","13.5054464639068"
"626","12.782652","13.5103006267328"
"627","12.799362455","13.5148357088618"
"628","12.816072728","13.5221110441991"
"629","12.83277897","13.5293745617327"
"630","12.849485213","13.5353617564782"
"631","12.884913","13.5446642347269"
"632","12.901623061","13.5476260708917"
"633","12.918331303","13.5445327617001"
"634","12.935039546","13.5393979275311"
"635","12.951749849","13.5345910373165"
"636","12.987179","13.5270793480904"
"637","13.003886758","13.5232976520396"
"638","13.020593303","13.520578080778"
"639","13.037299849","13.5182617919469"
"640","13.054010425","13.5170873980561"
"641","13.089439","13.5143382822941"
"642","13.106147091","13.5151596194052"
"643","13.122857394","13.5153117735822"
"644","13.139563606","13.5143530545443"
"645","13.156271849","13.5149941702029"
"646","13.191697","13.5151374610299"
"647","13.208405667","13.5134711512075"
"648","13.22511191","13.5133278603805"
"649","13.241822213","13.5133974496299"
"650","13.258527213","13.5134358574809"
"651","13.29395","13.5142394679011"
"652","13.310656334","13.5154581785568"
"653","13.327364576","13.5183107001036"
"654","13.34407091","13.5210140219216"
"655","13.360777122","13.5233628097307"
"656","13.396202","13.5326220562638"
"657","13.412912455","13.5373078140817"
"658","13.429618728","13.540616798165"
"659","13.446331031","13.5422254962305"
"660","13.463037303","13.5444516743615"
"661","13.498467","13.5467561454195"
"662","13.515174788","13.5478566780722"
"663","13.531881","13.5500075177263"
"664","13.548591273","13.5512572501078"
"665","13.565303576","13.5534080897619"
"666","13.600729","13.5590185904531"
"667","13.617439303","13.5640544506048"
"668","13.634149606","13.5674520681904"
"669","13.650859879","13.5694005280144"
"670","13.667566091","13.5697698342737"
"671","13.702988","13.5605304270959"
"672","13.719697819","13.551356859139"
"673","13.736406061","13.5465366735926"
"674","13.753116334","13.5409409448614"
"675","13.769826606","13.535847472669"
"676","13.805251","13.5308529745591"
"677","13.821957152","13.5269782130855"
"678","13.838667425","13.5265660672788"
"679","13.855377697","13.5255275780238"
"680","13.87208391","13.5243206851058"
"681","13.907512","13.5253946277635"
"682","13.924222576","13.5230015230791"
"683","13.940930819","13.5203218367226"
"684","13.957639061","13.5177987362282"
"685","13.974347455","13.5160541333688"
"686","14.009773","13.5104495412869"
"687","14.026480122","13.5088556153891"
"688","14.043186667","13.5069293138407"
"689","14.059897243","13.5088142530859"
"690","14.076608455","13.5083814261276"
"691","14.112037","13.5115722323734"
"692","14.128744637","13.5136861415113"
"693","14.145455061","13.517510677331"
"694","14.162165334","13.517770668951"
"695","14.178873576","13.5192286901384"
"696","14.214299","13.52009286683"
"697","14.231009516","13.5197014021748"
"698","14.247719243","13.5185051688464"
"699","14.264428819","13.518401763086"
"700","14.281137061","13.5169038567855"
"701","14.316563","13.5123008232231"
"702","14.333269516","13.5127942164226"
"703","14.349977788","13.5145491598989"
"704","14.366684","13.5171741889877"
"705","14.383390243","13.520811117303"
"706","14.418815","13.5231022935082"
"707","14.435524667","13.5204831733201"
"708","14.45223497","13.5132624967947"
"709","14.468945243","13.5049634459109"
"710","14.485655516","13.4977870861399"
"711","14.521081","13.4926740132635"
"712","14.537787243","13.4891523085933"
"713","14.554497516","13.4879734829528"
"714","14.571207788","13.4882452923737"
"715","14.587916031","13.4880916609619"
"716","14.623346","13.4872969138509"
"717","14.640057728","13.4897860381669"
"718","14.656766","13.4896324067551"
"719","14.673472213","13.4892601460265"
"720","14.690178455","13.487493384791"
"721","14.725605","13.4859792290498"
"722","14.742313213","13.4846585897984"
"723","14.759025516","13.4839539534194"
"724","14.775731788","13.4827249021251"
"725","14.792442061","13.4826938803977"
"726","14.827872","13.4826451319689"
"727","14.844582485","13.4840588364024"
"728","14.861290728","13.4879040533725"
"729","14.878001031","13.4928837792296"
"730","14.894711455","13.4947982629765"
"731","14.93014","13.4990984652815"
"732","14.94684797","13.500368878879"
"733","14.963556243","13.5038950152245"
"734","14.980266516","13.5060104015869"
"735","14.996974758","13.5069986651877"
"736","15.032399","13.5084507774741"
"737","15.049104303","13.5094700628023"
"738","15.065812879","13.5113387525707"
"739","15.082521122","13.5144335391832"
"740","15.099231425","13.5169566396768"
"741","15.134657","13.5199731333583"
"742","15.151365","13.5191636139962"
"743","15.168073243","13.5195624647768"
"744","15.184781606","13.5143537690271"
"745","15.201489849","13.5063161871853"
"746","15.236913","13.4989447808309"
"747","15.25362391","13.4959489683127"
"748","15.270334182","13.4925882811929"
"749","15.287046516","13.4903621029557"
"750","15.303758819","13.4889232857009"
"751","15.339183","13.4835634443475"
"752","15.355890576","13.4822841672329"
"753","15.372600849","13.4819665637922"
"754","15.389311122","13.4816858909842"
"755","15.406017334","13.4814081726268"
"756","15.441443","13.4793947145354"
"757","15.458149303","13.4789101846352"
"758","15.474859576","13.4775422740023"
"759","15.491565788","13.4768657048124"
"760","15.508274031","13.4771050153118"
"761","15.543705","13.4801259410616"
"762","15.560417091","13.4810152306955"
"763","15.577125334","13.4826638141364"
"764","15.593835606","13.482047811184"
"765","15.610541819","13.483217773626"
"766","15.645967","13.4873348005524"
"767","15.662673091","13.4871117395313"
"768","15.679381334","13.4890040651476"
"769","15.696089576","13.4884515828834"
"770","15.712801879","13.4877838770453"
"771","15.748228","13.4848678342922"
"772","15.764937788","13.4845443219503"
"773","15.781648091","13.4854217937818"
"774","15.798360394","13.4871885552472"
"775","15.815070788","13.4890764491876"
"776","15.850499","13.495461016958"
"777","15.867208728","13.5002265457935"
"778","15.88391494","13.5015900247505"
"779","15.900625213","13.4991260129409"
"780","15.917333455","13.4937814117856"
"781","15.952757","13.4868842468342"
"782","15.969467213","13.4831882291199"
"783","15.986173425","13.4789471152678"
"784","16.002883728","13.4759040311385"
"785","16.019594303","13.4747887260328"
"786","16.055024","13.4720794948225"
"787","16.071734273","13.4723321003498"
"788","16.088442546","13.4721873322698"
"789","16.105154849","13.470321596709"
"790","16.121867152","13.4704796598167"
"791","16.15729","13.4693785543672"
"792","16.173999728","13.4682662037106"
"793","16.190710031","13.4680062120565"
"794","16.207422334","13.4662749039961"
"795","16.224130576","13.4640206581769"
"796","16.259557","13.4627017075675"
"797","16.276262697","13.4637283791722"
"798","16.29297297","13.4652440123613"
"799","16.309683243","13.4649470900699"
"800","16.326393516","13.4646176688212"
"801","16.361818","13.467325422852"
"802","16.378526122","13.4681955085717"
"803","16.395234485","13.4686032227629"
"804","16.411942728","13.469108433826"
"805","16.428653","13.4677818854792"
"806","16.46408","13.4670772489965"
"807","16.480789697","13.4665690834828"
"808","16.49749594","13.4659781933506"
"809","16.514206243","13.4650741314483"
"810","16.530912455","13.4659131954361"
"811","16.56634","13.4686209494669"
"812","16.583049728","13.468393456766"
"813","16.599762061","13.4696963695075"
"814","16.616470303","13.4688070798586"
"815","16.633176697","13.4677420003952"
"816","16.668603","13.4577101631757"
"817","16.685312606","13.4529594065127"
"818","16.702018788","13.4490949850481"
"819","16.718725","13.4465556347049"
"820","16.735433243","13.4466383593235"
"821","16.770859","13.4439911715312"
"822","16.78756697","13.4432673311192"
"823","16.804275213","13.4425257640033"
"824","16.820985546","13.4420633924748"
"825","16.837693819","13.4423027029784"
"826","16.873115","13.4435317544534"
"827","16.889823","13.4414872745959"
"828","16.906533273","13.438832700677"
"829","16.923243546","13.4368694682127"
"830","16.939953819","13.4363465304457"
"831","16.975379","13.4345243086026"
"832","16.992087","13.4343440871181"
"833","17.008793243","13.4346026015426"
"834","17.025503819","13.4374093295808"
"835","17.042210394","13.4401362874536"
"836","17.077636","13.4449195429206"
"837","17.094342031","13.4517310287015"
"838","17.111048273","13.4536396037674"
"839","17.127754485","13.4556501073779"
"840","17.144462758","13.4581082102492"
"841","17.179891","13.4617569566987"
"842","17.196598849","13.4628515806336"
"843","17.213307091","13.4648916287497"
"844","17.230017364","13.4651693471029"
"845","17.246725606","13.4664589647752"
"846","17.282157","13.4722127572533"
"847","17.298864788","13.4759043432361"
"848","17.315575061","13.4774746337121"
"849","17.332287364","13.4772456637932"
"850","17.348995606","13.4746073394374"
"851","17.384421","13.462446820906"
"852","17.401128788","13.460313707597"
"853","17.417839061","13.4593387389101"
"854","17.434545273","13.4574641400257"
"855","17.451251485","13.45568703801"
"856","17.486678","13.4558702139451"
"857","17.503388182","13.4574508449981"
"858","17.520094394","13.4603609788061"
"859","17.536804667","13.4649315138323"
"860","17.55351494","13.4687575273159"
"861","17.588944","13.4772530499196"
"862","17.605651697","13.4794157077343"
"863","17.62235791","13.482449928466"
"864","17.639064152","13.4840926029809"
"865","17.655772425","13.48317524608"
"866","17.691197","13.4826050371207"
"867","17.707907303","13.4809180458473"
"868","17.724613516","13.479471842295"
"869","17.741321788","13.4796151331475"
"870","17.758032061","13.4804985138669"
"871","17.79346","13.4874132953728"
"872","17.810168213","13.4924299530753"
"873","17.826878485","13.4972412764372"
"874","17.843586758","13.5040217413531"
"875","17.860295031","13.509546564618"
"876","17.895722","13.520916769075"
"877","17.912433637","13.5249082323"
"878","17.929141879","13.5275687153749"
"879","17.945850122","13.5278095031268"
"880","17.962556334","13.5279498395466"
"881","17.997983","13.5259999019237"
"882","18.01469097","13.5252036773944"
"883","18.031397546","13.5241533700839"
"884","18.048106091","13.5209743808684"
"885","18.064812637","13.5182666265784"
"886","18.100236","13.5071002792365"
"887","18.116944303","13.5023849755303"
"888","18.133650516","13.4983152193553"
"889","18.150356728","13.4952691804323"
"890","18.16706294","13.4911152224054"
"891","18.202487","13.4803624981956"
"892","18.219197576","13.4780255274991"
"893","18.23590591","13.4759176854689"
"894","18.25261694","13.4758645053513"
"895","18.269327213","13.4776120631049"
"896","18.304752","13.4740578585781"
"897","18.321464455","13.472915963275"
"898","18.338176758","13.4707237606491"
"899","18.354883","13.4689126821994"
"900","18.371591243","13.4679687351119"
"901","18.407018","13.4657056256625"
"902","18.423728303","13.4652417768589"
"903","18.440438606","13.4644898690849"
"904","18.457148879","13.4643687365948"
"905","18.473857122","13.4647912230847"
"906","18.50928","13.4641959012126"
"907","18.525990364","13.4639905668696"
"908","18.542698637","13.4631840017526"
"909","18.559406879","13.462581293753"
"910","18.576117182","13.4630909365467"
"911","18.611539","13.4618994619472"
"912","18.628249485","13.4616187890848"
"913","18.644955697","13.4620782062438"
"914","18.66166394","13.4618137828629"
"915","18.678374213","13.4605285965982"
"916","18.7138","13.4615537911588"
"917","18.730505728","13.4608609723563"
"918","18.747212091","13.4595639682868"
"919","18.763922394","13.4565548597567"
"920","18.780632728","13.4515234293915"
"921","18.81606","13.4464846128984"
"922","18.832767667","13.4412463709504"
"923","18.84947591","13.4381781733965"
"924","18.866182122","13.4364882273197"
"925","18.882892394","13.436856056492"
"926","18.918322","13.4358855192783"
"927","18.935028031","13.4345574934714"
"928","18.951736243","13.4341217119218"
"929","18.968444485","13.4338572885409"
"930","18.985154788","13.4329428858997"
"931","19.020581","13.4297550330729"
"932","19.037291667","13.4285688209228"
"933","19.054002243","13.4255611896182"
"934","19.070712122","13.4232773988535"
"935","19.087422455","13.4217425614638"
"936","19.12285","13.4201442033736"
"937","19.139558364","13.420891679523"
"938","19.156266606","13.4206464600748"
"939","19.172976879","13.422035052131"
"940","19.189685122","13.4229184330348"
"941","19.225112","13.425243586116"
"942","19.24182391","13.4258922987815"
"943","19.258532879","13.4266914778391"
"944","19.275243152","13.428094842173"
"945","19.291951394","13.4285926672051"
"946","19.327379","13.4299856909597"
"947","19.344087152","13.4309695232191"
"948","19.360799455","13.4326136753282"
"949","19.377507697","13.4352091607331"
"950","19.39421594","13.4378327134247"
"951","19.429638","13.4485836979898"
"952","19.446347637","13.4511762292886"
"953","19.463055879","13.4529474230363"
"954","19.479762091","13.4505676122543"
"955","19.496468455","13.4452230092692"
"956","19.531895","13.4357495601415"
"957","19.548605091","13.4315719655473"
"958","19.565315364","13.4282068451492"
"959","19.582025637","13.4263233822398"
"960","19.59873591","13.4262155447556"
"961","19.634162","13.4272806245655"
"962","19.650870152","13.4291611330233"
"963","19.667578394","13.4312912926431"
"964","19.684288697","13.432662158196"
"965","19.70099697","13.432795108519"
"966","19.736426","13.4324139842597"
"967","19.753138","13.4325188672923"
"968","19.769844213","13.4325173900665"
"969","19.786550455","13.4327788590351"
"970","19.803260728","13.4316458268378"
"971","19.838688","13.432747837293"
"972","19.85539794","13.4355516118828"
"973","19.872104213","13.4389418451197"
"974","19.888810425","13.4430573962299"
"975","19.905516637","13.4487225572161"
"976","19.94094","13.4585431544094"
"977","19.957646455","13.4618093006781"
"978","19.974356728","13.4643604696542"
"979","19.99106497","13.4690639566372"
"980","20.007775243","13.4726935004555"
"981","20.043201","13.477009954276"
"982","20.05991197","13.4816277621621"
"983","20.07662294","13.486183526564"
"984","20.093329152","13.4892620651547"
"985","20.110037425","13.4940911163317"
"986","20.145469","13.4996558259628"
"987","20.16217897","13.4980722398931"
"988","20.178887213","13.4920673169703"
"989","20.195597485","13.4826130717782"
"990","20.212307758","13.4735163152324"
"991","20.247732","13.4628830708554"
"992","20.264441182","13.4592860258746"
"993","20.281147425","13.4571987057277"
"994","20.297855667","13.455796818382"
"995","20.31456594","13.4539325593406"
"996","20.349993","13.4529383863336"
"997","20.366699182","13.4532899660895"
"998","20.383405394","13.4546253782712"
"999","20.400115667","13.4546637861437"
"1000","20.416826","13.4549311640252"
"1001","20.452252","13.4537021121057"
"1002","20.46895991","13.4539296048889"
"1003","20.485670182","13.4527345291643"
"1004","20.502380455","13.4519250093904"
"1005","20.519088697","13.4526193055468"
"1006","20.554516","13.4546046971091"
"1007","20.571226122","13.4581470847329"
"1008","20.587932364","13.4610025623295"
"1009","20.604640606","13.4636748639189"
"1010","20.621350879","13.4675954213641"
"1011","20.656779","13.4761928758972"
"1012","20.673489122","13.4773923832994"
"1013","20.690199394","13.4800100275318"
"1014","20.706909667","13.480433991355"
"1015","20.72361994","13.482837437837"
"1016","20.759046","13.4855599651058"
"1017","20.775754091","13.4881776093383"
"1018","20.792462334","13.4897242648187"
"1019","20.809170576","13.4920183965867"
"1020","20.825878849","13.4950703452234"
"1021","20.861306","13.5029262323723"
"1022","20.878013849","13.5030931588951"
"1023","20.894724122","13.4993306646174"
"1024","20.911434394","13.4918174938691"
"1025","20.928146728","13.4845672693247"
"1026","20.963572","13.4692587776879"
"1027","20.980279697","13.4663693238963"
"1028","20.99698997","13.4632848762906"
"1029","21.013698213","13.4615520903512"
"1030","21.030404758","13.4610911958814"
"1031","21.065829","13.4598250929815"
"1032","21.082537819","13.4608739231878"
"1033","21.099244031","13.462993741985"
"1034","21.115954303","13.4634841808983"
"1035","21.132660516","13.4626067088666"
"1036","21.168088","13.4615829914963"
"1037","21.184794031","13.4606479076645"
"1038","21.201503379","13.4590761395807"
"1039","21.218212258","13.4575900505843"
"1040","21.2349205","13.4572606292659"
"1041","21.270346712","13.4596758403703"
"1042","21.287052773","13.4628533527152"
"1043","21.303761015","13.4680812542441"
"1044","21.320469258","13.4712277448507"
"1045","21.337177531","13.4739517489251"
"1046","21.372606712","13.4849334443096"
"1047","21.389316955","13.4874713179538"
"1048","21.406025197","13.4889972920366"
"1049","21.42273344","13.4894906853994"
"1050","21.439443712","13.4906488302987"
"1051","21.474872712","13.4922959368838"
"1052","21.491580955","13.4930995476302"
"1053","21.508289197","13.4951218695271"
"1054","21.524999531","13.4986672110556"
"1055","21.541705743","13.5021815308458"
"1056","21.577130712","13.5133523111118"
"1057","21.593836834","13.5140850150277"
"1058","21.610547106","13.5117303173625"
"1059","21.627257379","13.5077565803993"
"1060","21.643963591","13.5030885473868"
"1061","21.679390712","13.4945679099133"
"1062","21.696098622","13.4900564628183"
"1063","21.712806864","13.485920231035"
"1064","21.729515106","13.4833336089449"
"1065","21.746223349","13.4822773926145"
"1066","21.781648712","13.4815121897346"
"1067","21.798359076","13.4821311472764"
"1068","21.815067318","13.4813378771094"
"1069","21.831775591","13.4817175240981"
"1070","21.848483834","13.4824236379525"
"1071","21.883903712","13.4796854758972"
"1072","21.900614106","13.4787784594729"
"1073","21.917322349","13.4788020950801"
"1074","21.934032712","13.4771180580708"
"1075","21.950738925","13.4762686534389"
"1076","21.986165712","13.4756733315839"
"1077","22.0028735","13.4757974185214"
"1078","22.019584106","13.4776321325263"
"1079","22.036292652","13.4790739045623"
"1080","22.053001228","13.4792245815578"
"1081","22.088428712","13.4814182613462"
"1082","22.105137288","13.4829427580072"
"1083","22.121845531","13.483669552927"
"1084","22.138553773","13.4837138696904"
"1085","22.155264046","13.4845588426459"
"1086","22.190693712","13.4903480891716"
"1087","22.207399712","13.4933483340539"
"1088","22.224112015","13.4952155470185"
"1089","22.2408245","13.49546092526"
"1090","22.2575335","13.4968081548831"
"1091","22.292957712","13.4997965819967"
"1092","22.309665379","13.5020478736038"
"1093","22.326371591","13.5047334694973"
"1094","22.343077925","13.5094857038149"
"1095","22.359788197","13.5133781929124"
"1096","22.395211712","13.5109304303186"
"1097","22.411920076","13.5083467629821"
"1098","22.428630379","13.5076849659743"
"1099","22.445336622","13.5052815201444"
"1100","22.462046894","13.5022546851688"
"1101","22.497474712","13.4955185370531"
"1102","22.514184682","13.4920633066929"
"1103","22.530894955","13.4904191547515"
"1104","22.547603228","13.4903512023802"
"1105","22.56430947","13.4904738120937"
"1106","22.599733712","13.4910011815843"
"1107","22.616443894","13.4896672469904"
"1108","22.633152167","13.4869417660094"
"1109","22.649858379","13.4874720899509"
"1110","22.666566622","13.4882092254574"
"1111","22.701990712","13.4892527101904"
"1112","22.718698409","13.488579095479"
"1113","22.735406652","13.487128460289"
"1114","22.752116925","13.4859112266877"
"1115","22.768825167","13.4870442584501"
"1116","22.804250712","13.4953447870981"
"1117","22.820959137","13.5000335000237"
"1118","22.83766944","13.5063176162132"
"1119","22.854377712","13.5123520813364"
"1120","22.871085955","13.5168177332501"
"1121","22.906509712","13.5238123947821"
"1122","22.923218167","13.5212213417035"
"1123","22.93992844","13.5181383726185"
"1124","22.956638712","13.5148840454052"
"1125","22.973344925","13.5122043588119"
"1126","23.008769712","13.5082897119144"
"1127","23.0254785","13.508317779194"
"1128","23.042187076","13.5087136755595"
"1129","23.058897652","13.5101362434698"
"1130","23.075606894","13.5103755539594"
"1131","23.111030712","13.5049009572038"
"1132","23.127741076","13.4990880758673"
"1133","23.144449349","13.4938897202324"
"1134","23.161157591","13.4886101172091"
"1135","23.177866015","13.4846659258067"
"1136","23.213290712","13.4747197682364"
"1137","23.23000044","13.4701093482488"
"1138","23.246710743","13.4672155167169"
"1139","23.263421803","13.4661031661036"
"1140","23.280128015","13.4635844970522"
"1141","23.315553712","13.4582221693944"
"1142","23.332260137","13.4582989851074"
"1143","23.348968379","13.4580050172826"
"1144","23.365676622","13.4570817515013"
"1145","23.382382834","13.4567227857655"
"1146","23.417803712","13.4547639850839"
"1147","23.434509985","13.4550815885127"
"1148","23.451220258","13.4546251259104"
"1149","23.467930531","13.4539633289983"
"1150","23.484636743","13.4510753536344"
"1151","23.520059712","13.4475835515018"
"1152","23.536765682","13.4478789965483"
"1153","23.553475955","13.4471078849768"
"1154","23.570186228","13.4476130960064"
"1155","23.58689244","13.4480370596483"
"1156","23.622316712","13.4497875715491"
"1157","23.639026985","13.4490858895635"
"1158","23.655733197","13.4497934804501"
"1159","23.67244347","13.4491449785729"
"1160","23.689149682","13.449215885384"
"1161","23.724575712","13.448936689815"
"1162","23.741285925","13.4495970094941"
"1163","23.757994197","13.4497860943239"
"1164","23.77470447","13.4510299179699"
"1165","23.791410712","13.4519842054703"
"1166","23.826839712","13.4520684073086"
"1167","23.843545773","13.4506960650673"
"1168","23.860254015","13.4454445293647"
"1169","23.876962258","13.4411103505316"
"1170","23.89366847","13.4394041553878"
"1171","23.929094712","13.4397882339483"
"1172","23.945802349","13.438568045906"
"1173","23.962508531","13.4360405135327"
"1174","23.979216773","13.4327182339841"
"1175","23.995927046","13.4308746568936"
"1176","24.031354712","13.429418112814"
"1177","24.048065925","13.4296810589055"
"1178","24.0647765","13.4316561090417"
"1179","24.081488622","13.4320150747733"
"1180","24.098198894","13.4319737124668"
"1181","24.133625712","13.4282259920512"
"1182","24.150335652","13.4272584095237"
"1183","24.167043925","13.4257782298404"
"1184","24.183752167","13.4244147509505"
"1185","24.20046244","13.4239494250022"
"1186","24.235890712","13.4258284554983"
"1187","24.252599955","13.4272880592261"
"1188","24.26930744","13.4284491582681"
"1189","24.286015712","13.4297683204112"
"1190","24.302725985","13.4311022548068"
"1191","24.338149712","13.431752790587"
"1192","24.354857288","13.4323968607216"
"1193","24.371567561","13.4315149573492"
"1194","24.388275773","13.4307660042339"
"1195","24.404986076","13.429780695106"
"1196","24.440415712","13.4303110189095"
"1197","24.457123409","13.4304868086939"
"1198","24.473833682","13.4309757701952"
"1199","24.490539894","13.4313022369378"
"1200","24.507252197","13.4311737183558"
"1201","24.542681712","13.4274481567056"
"1202","24.55939147","13.4212630152982"
"1203","24.576099712","13.4164974871921"
"1204","24.592810046","13.4121706949345"
"1205","24.609518288","13.4104098426399"
"1206","24.644947712","13.4047033221582"
"1207","24.661657743","13.4059781674017"
"1208","24.678370046","13.406393267649"
"1209","24.695076258","13.4076193644649"
"1210","24.7117845","13.4062854302182"
"1211","24.747211712","13.4042439051585"
"1212","24.763919985","13.4036072211493"
"1213","24.780630258","13.4038494860623"
"1214","24.7973385","13.4031345091238"
"1215","24.814046743","13.4013027500254"
"1216","24.849475712","13.3982833019631"
"1217","24.866185743","13.3970320923209"
"1218","24.882894015","13.396457451765"
"1219","24.899604288","13.3961959829259"
"1220","24.916310531","13.3962624580545"
"1221","24.951735712","13.3974604875939"
"1222","24.968445561","13.3979228590437"
"1223","24.985155834","13.3986466993326"
"1224","25.001866106","13.3984915906993"
"1225","25.018574379","13.3993173595187"
"1226","25.053998712","13.3988461247184"
"1227","25.070706197","13.3982138723844"
"1228","25.08741447","13.3984590917476"
"1229","25.104120682","13.398318755365"
"1230","25.120830955","13.3974782142948"
"1231","25.156252712","13.3971693990843"
"1232","25.172963258","13.3975209786647"
"1233","25.189673531","13.3979434650512"
"1234","25.206383803","13.3976406339"
"1235","25.223090015","13.3975963171462"
"1236","25.258516712","13.3937571140405"
"1237","25.275227228","13.389793718992"
"1238","25.2919355","13.3888349998766"
"1239","25.308645773","13.3874715210731"
"1240","25.325351985","13.3865512098114"
"1241","25.360779712","13.3856412391257"
"1242","25.377487894","13.3869411972482"
"1243","25.394198197","13.3873415252609"
"1244","25.4109085","13.3859263435775"
"1245","25.427614712","13.3855644234184"
"1246","25.463039712","13.3823839576937"
"1247","25.479750046","13.3810780906706"
"1248","25.496456258","13.3798121087263"
"1249","25.513166531","13.3787647561026"
"1250","25.529872743","13.3780202346325"
"1251","25.565295712","13.3756847416874"
"1252","25.582001379","13.3747304542475"
"1253","25.598709622","13.3755237241472"
"1254","25.615417864","13.3746004584352"
"1255","25.632124076","13.3741513819929"
"1256","25.667551712","13.3720891756986"
"1257","25.684260076","13.3723033733437"
"1258","25.700966318","13.3713668126055"
"1259","25.717674561","13.3713328364273"
"1260","25.734382803","13.3708778510844"
"1261","25.769807712","13.3705794516063"
"1262","25.7865155","13.3716725982093"
"1263","25.803223743","13.3708039898274"
"1264","25.819929955","13.3692809707089"
"1265","25.836636197","13.3693046063112"
"1266","25.872056712","13.3707803542252"
"1267","25.888763167","13.3710240963732"
"1268","25.90547344","13.3709000094615"
"1269","25.922181682","13.3695631207105"
"1270","25.938891985","13.3676634091815"
"1271","25.974318712","13.3638918707507"
"1272","25.991028652","13.3615829676109"
"1273","26.007738925","13.3633659785448"
"1274","26.024447531","13.3647397980713"
"1275","26.041158106","13.3629981494458"
"1276","26.076583712","13.3585457923996"
"1277","26.093293743","13.3585945408344"
"1278","26.110004046","13.3610984377134"
"1279","26.126712288","13.3598723407166"
"1280","26.1434185","13.3581676227235"
"1281","26.178846712","13.3571645867466"
"1282","26.1955585","13.3550669268243"
"1283","26.212266743","13.3539855979067"
"1284","26.228974985","13.351304433992"
"1285","26.245683228","13.3485022943214"
"1286","26.281112712","13.3440263016183"
"1287","26.297820955","13.3448033221338"
"1288","26.314529197","13.3453838716824"
"1289","26.33123947","13.3472038132699"
"1290","26.347949773","13.3484845676176"
"1291","26.383377712","13.3515054933859"
"1292","26.400088258","13.3519796827118"
"1293","26.416796531","13.3521894487065"
"1294","26.433506803","13.3536046305578"
"1295","26.450215046","13.3536563334439"
"1296","26.485643712","13.3545766448148"
"1297","26.502349955","13.3552103744748"
"1298","26.519060349","13.3574040540669"
"1299","26.535770622","13.3573124660974"
"1300","26.552478864","13.3578117682537"
"1301","26.587907712","13.3603171423871"
"1302","26.604615743","13.3622301491695"
"1303","26.621323985","13.3634902223628"
"1304","26.638034258","13.3621001533418"
"1305","26.654746591","13.3594987595629"
"1306","26.690167712","13.3521229735674"
"1307","26.706876228","13.3494949897328"
"1308","26.723586531","13.3480842395574"
"1309","26.740296803","13.3472451755787"
"1310","26.757007106","13.3444561741849"
"1311","26.792430712","13.3441154189123"
"1312","26.809138834","13.3447314219312"
"1313","26.825851137","13.3470314619802"
"1314","26.842557349","13.3486549327662"
"1315","26.859265591","13.3505472585869"
"1316","26.894690712","13.3543437280319"
"1317","26.91140044","13.3535076184187"
"1318","26.928108682","13.3519698267097"
"1319","26.944814894","13.3519373277494"
"1320","26.961521106","13.3512061011443"
"1321","26.996940712","13.352377540938"
"1322","27.013648925","13.3528916153998"
"1323","27.0303575","13.3549050737086"
"1324","27.047068106","13.3601905864223"
"1325","27.063778682","13.365015204791"
"1326","27.099208712","13.3732551684347"
"1327","27.115916318","13.3774504887553"
"1328","27.132624591","13.3808953785396"
"1329","27.149334864","13.3861602100968"
"1330","27.166045137","13.3897011195364"
"1331","27.201470712","13.3972261060551"
"1332","27.21818047","13.4008408767679"
"1333","27.234888712","13.4042828121013"
"1334","27.251596955","13.4074765735566"
"1335","27.268308015","13.411614282084"
"1336","27.303735712","13.4162764056515"
"1337","27.320442167","13.4184434954087"
"1338","27.3371545","13.4178747636047"
"1339","27.353862743","13.4124887995593"
"1340","27.370571015","13.4069403407128"
"1341","27.405996712","13.3978967664162"
"1342","27.422706531","13.3950915152581"
"1343","27.439414803","13.3925167112727"
"1344","27.456123046","13.390627339903"
"1345","27.472831409","13.3900349724915"
"1346","27.508256712","13.3931105559096"
"1347","27.524962349","13.396889298649"
"1348","27.541668622","13.3999944265764"
"1349","27.558374803","13.4015543766675"
"1350","27.575083046","13.40178482384"
"1351","27.610509712","13.4028308905201"
"1352","27.627219622","13.4046316287122"
"1353","27.643927864","13.4050600241804"
"1354","27.660636137","13.4069405325632"
"1355","27.677344349","13.4088579715897"
"1356","27.712772712","13.4137091809604"
"1357","27.729480379","13.4178867753881"
"1358","27.746188622","13.4223524288374"
"1359","27.762896864","13.4290073308517"
"1360","27.779607258","13.4368129917271"
"1361","27.815033712","13.4518718310465"
"1362","27.831741712","13.4567023592567"
"1363","27.848447925","13.4611694899318"
"1364","27.865154167","13.4648492592809"
"1365","27.88186444","13.4677608712388"
"1366","27.917291712","13.4722412969457"
"1367","27.933999773","13.4748426914955"
"1368","27.950705985","13.47717818541"
"1369","27.967414228","13.4790542621155"
"1370","27.98412247","13.4775903313949"
"1371","28.019548712","13.4650220946939"
"1372","28.036255318","13.4597055592112"
"1373","28.052961864","13.4547775341014"
"1374","28.0696675","13.4520077358158"
"1375","28.086377803","13.4490769199231"
"1376","28.121801712","13.4487371580001"
"1377","28.138507622","13.4493575928161"
"1378","28.155217955","13.4495673588729"
"1379","28.171926197","13.4493502066873"
"1380","28.188636591","13.4504669893561"
"1381","28.224063712","13.4534938249226"
"1382","28.240774076","13.4541646957766"
"1383","28.257483076","13.453203021797"
"1384","28.274193349","13.4525087256826"
"1385","28.290899561","13.4513830796418"
"1386","28.326320712","13.4452895233189"
"1387","28.343027167","13.4440959248925"
"1388","28.35973744","13.4450575988722"
"1389","28.376445682","13.444533183722"
"1390","28.393151894","13.4446484073324"
"1391","28.428574712","13.4480006231662"
"1392","28.445280864","13.451977315501"
"1393","28.461991137","13.4594446928237"
"1394","28.478699409","13.4660449384969"
"1395","28.495409682","13.4703111671236"
"1396","28.530832712","13.479257247651"
"1397","28.547542925","13.4881058312639"
"1398","28.564249106","13.4956618421453"
"1399","28.580955349","13.4977846158768"
"1400","28.597665773","13.4949055024442"
"1401","28.633090712","13.4870717730787"
"1402","28.649798379","13.4816429676067"
"1403","28.666510682","13.4714294271895"
"1404","28.683222985","13.4632130962956"
"1405","28.699931258","13.4570914718395"
"1406","28.735352712","13.4484112919883"
"1407","28.752060531","13.4418982026479"
"1408","28.768766773","13.4387059173077"
"1409","28.785475046","13.433191432729"
"1410","28.802185288","13.4281348882036"
"1411","28.837610712","13.4215124841408"
"1412","28.854323228","13.4207472810838"
"1413","28.871035531","13.4151929114036"
"1414","28.887743894","13.4104259031701"
"1415","28.904454167","13.4070755546502"
"1416","28.939881712","13.400686552292"
"1417","28.956594137","13.3991502372741"
"1418","28.973304409","13.3987233189663"
"1419","28.990014682","13.3994885220233"
"1420","29.006724955","13.4026172866463"
"1421","29.042154712","13.4173511385586"
"1422","29.058865712","13.466734803029"
"1423","29.075574409","13.5067912626694"
"1424","29.092282622","13.5232726729145"
"1425","29.108988834","13.4816341042509"
"1426","29.144419712","13.3825314450129"
"1427","29.161126197","13.3243671493247"
"1428","29.17783244","13.2828925527447"
"1429","29.194540682","13.2510509467722"
"1430","29.211248925","13.2304465988203"
"1431","29.246674712","13.2087544421046"
"1432","29.263384046","13.2136233802343"
"1433","29.280092288","13.2512158370071"
"1434","29.296802561","13.3038907750613"
"1435","29.313508773","13.3419219680673"
"1436","29.348935712","13.3468544269311"
"1437","29.365645379","13.3804953031527"
"1438","29.382353622","13.3963651460916"
"1439","29.399061834","13.403845820451"
"1440","29.415770076","13.418299003297"
"1441","29.451196712","13.5083167468668"
"1442","29.467906318","13.5180634864843"
"1443","29.484614561","13.5019026299497"
"1444","29.501324834","13.4721335640551"
"1445","29.518035106","13.4087856654466"
"1446","29.553462712","13.2861419001743"
"1447","29.570169167","13.2370063965128"
"1448","29.586875379","13.2025072517678"
"1449","29.603585652","13.1680258337392"
"1450","29.620295925","13.1565847154704"
"1451","29.655721712","13.1529625564006"
"1452","29.672431834","13.134445523799"
"1453","29.689138076","13.1189996448294"
"1454","29.705844288","13.1093459704735"
"1455","29.722554561","13.104469646212"
"1456","29.757981712","13.087395863778"
"1457","29.774689712","13.0789210160687"
"1458","29.791395925","13.0747788733152"
"1459","29.808102197","13.0780908148464"
"1460","29.82481244","13.0859924987224"
"1461","29.860239712","13.1377471247455"
"1462","29.876949985","13.1624064646114"
"1463","29.893660258","13.1719212796882"
"1464","29.91036647","13.168427639313"
"1465","29.927076743","13.1695813531113"
"1466","29.962501712","13.1833963741637"
"1467","29.979210015","13.1689520546759"
"1468","29.995916228","13.1421019880969"
"1469","30.01262447","13.1169182328681"
"1470","30.029333046","13.1001960303112"
"1471","30.064756712","13.0758093210852"
"1472","30.08146844","13.0868087487985"
"1473","30.098180743","13.0715135467379"
"1474","30.114888985","13.0442025852065"
"1475","30.131597258","13.0200691376438"
"1476","30.167022712","13.0757679587462"
"1477","30.183733258","13.0594948328143"
"1478","30.200443531","13.008988462479"
"1479","30.217149743","12.9731716313837"
"1480","30.233857985","12.9640541900936"
"1481","30.269283712","12.9660454406803"
"1482","30.2859935","12.9471842141829"
"1483","30.302703773","12.9038039841295"
"1484","30.319416076","12.8726670063638"
"1485","30.336126379","12.8504687254603"
"1486","30.371551712","12.835158751195"
"1487","30.388260015","12.8755062354778"
"1488","30.404968258","12.9531773216312"
"1489","30.421678652","13.063732944365"
"1490","30.438384894","13.1699854066361"
"1491","30.473811712","13.3774751475977"
"1492","30.490520197","13.463361089684"
"1493","30.5072305","13.5394574525098"
"1494","30.523942834","13.5839588973903"
"1495","30.540653106","13.5944826581647"
"1496","30.576078712","13.4239678936466"
"1497","30.592786985","13.3350285246202"
"1498","30.609495349","13.2455632630004"
"1499","30.626205652","13.1746135569037"
"1500","30.642911864","13.1177624994356"
"1501","30.678338712","13.006679506882"
"1502","30.695050985","12.9717312850403"
"1503","30.711761288","12.9272401807445"
"1504","30.7284675","12.8923628657693"
"1505","30.745177773","12.8761000804851"
"1506","30.780606712","12.8636559254088"
"1507","30.797317106","12.8404073365447"
"1508","30.814025349","12.8082363003088"
"1509","30.830733591","12.772407651541"
"1510","30.847443894","12.7453123651676"
"1511","30.882869712","12.7252664193349"
"1512","30.899575622","12.7144797115673"
"1513","30.916283894","12.7401125454735"
"1514","30.932990106","12.7381463570267"
"1515","30.949696318","12.724978360171"
"1516","30.985119712","12.7304130763963"
"1517","31.001828258","12.753016118789"
"1518","31.018536531","12.7964746446469"
"1519","31.035243076","12.840200548498"
"1520","31.051953652","12.8638036732187"
"1521","31.087379712","12.8682294437571"
"1522","31.104086046","12.8732653088324"
"1523","31.120794288","12.8573304667769"
"1524","31.1375005","12.8175502348578"
"1525","31.154210773","12.9031983490261"
"1526","31.189637712","12.8415197117459"
"1527","31.206345561","12.9202928138695"
"1528","31.223055834","13.1167846170737"
"1529","31.239764106","13.3391810638567"
"1530","31.256472712","13.4968736188765"
"1531","31.291899712","13.3164333572226"
"1532","31.308605985","13.2171563507678"
"1533","31.325316349","13.1122629291869"
"1534","31.342024622","13.0529005825701"
"1535","31.358732864","13.0648439587651"
"1536","31.394159712","12.9425089239827"
"1537","31.410868046","12.929766368255"
"1538","31.427578349","13.0100816954471"
"1539","31.444290652","13.1223450000009"
"1540","31.460997076","13.1899281120508"
"1541","31.496424712","13.2611008844783"
"1542","31.513134561","13.2468870111637"
"1543","31.529842803","13.2217002994599"
"1544","31.546553076","13.2261984541308"
"1545","31.563261288","13.2983136970608"
"1546","31.598683712","13.4547150519958"
"1547","31.615394288","13.5158870010665"
"1548","31.6321025","13.563280858638"
"1549","31.648812773","13.5842042946833"
"1550","31.665521015","13.5456309565009"
"1551","31.700942712","13.3795799039169"
"1552","31.717648803","13.3576992289561"
"1553","31.734357046","13.4690879958173"
"1554","31.751067318","13.6474217010984"
"1555","31.767775561","13.758178215132"
"1556","31.803200712","13.6906719307436"
"1557","31.819910864","13.5771072096414"
"1558","31.836619106","13.4406543452875"
"1559","31.853329379","13.276649734465"
"1560","31.870041682","13.1311961306744"
"1561","31.905467712","13.0273486037318"
"1562","31.922178046","13.1041038015641"
"1563","31.938888318","13.2441093950079"
"1564","31.955594531","13.4396601720328"
"1565","31.972300743","13.6961199410903"
"1566","32.007725712","14.0844487415011"
"1567","32.024437076","14.2445608612001"
"1568","32.041145652","14.354906706341"
"1569","32.057852197","14.4734304759068"
"1570","32.074561197","14.5943207618977"
"1571","32.109986712","14.5316848923989"
"1572","32.126696682","14.4878880890476"
"1573","32.143406955","14.4529797559393"
"1574","32.160115197","14.4149278854076"
"1575","32.17682547","14.3521309982494"
"1576","32.212253712","14.2022353751767"
"1577","32.228961834","14.133337543677"
"1578","32.245670106","14.0834725147469"
"1579","32.262379106","14.0385101792017"
"1580","32.279087409","13.9882682370184"
"1581","32.314514712","14.2007908695235"
"1582","32.331224925","14.4463073504501"
"1583","32.347935197","14.7053877228566"
"1584","32.36464147","14.9545514754086"
"1585","32.381351743","15.1632953631515"
"1586","32.416777712","15.4265252641104"
"1587","32.433483743","15.5338752961134"
"1588","32.450194015","15.6624840911625"
"1589","32.466904288","15.7961996573775"
"1590","32.483612531","15.8847578941816"
"1591","32.519038712","16.0183441139458"
"1592","32.535748652","16.1099513397812"
"1593","32.552454864","16.1925297593291"
"1594","32.569163137","16.259743549591"
"1595","32.585871409","16.2893973875189"
"1596","32.621298712","16.3538783093855"
"1597","32.638004712","16.4129082667232"
"1598","32.654710894","16.452428498171"
"1599","32.671421197","16.4238737165059"
"1600","32.68812944","16.4153752344097"
"1601","32.723557712","16.4541021954098"
"1602","32.740264076","16.4900091316713"
"1603","32.756970288","16.5361443818618"
"1604","32.7736765","16.569763094802"
"1605","32.790388803","16.6015426611736"
"1606","32.825813712","16.7106771753926"
"1607","32.842524137","16.7272826746527"
"1608","32.859232379","16.7627095124123"
"1609","32.875938561","16.8042269536279"
"1610","32.892644803","16.8261475126102"
"1611","32.928072712","16.8900257262037"
"1612","32.944782894","16.9434067707071"
"1613","32.961489106","16.9542865413726"
"1614","32.978199379","16.9691843671922"
"1615","32.994907652","16.9877693495061"
"1616","33.030332712","16.9254835857127"
"1617","33.047042076","16.8409493187294"
"1618","33.063748622","16.7519671237797"
"1619","33.080458591","16.7157942868095"
"1620","33.097164803","16.6642686383626"
"1621","33.132591712","16.4652330945224"
"1622","33.149301591","16.3473991954495"
"1623","33.166007803","16.215825615866"
"1624","33.182714015","16.0491605288613"
"1625","33.199422258","15.8950001612975"
"1626","33.234848712","15.5454234539847"
"1627","33.251556682","15.3747933121672"
"1628","33.268263652","15.2609375844641"
"1629","33.284975985","15.1702240815086"
"1630","33.301682197","15.1166303170606"
"1631","33.337105712","15.0372096498845"
"1632","33.353813894","14.9876487129397"
"1633","33.370522167","14.9186327077516"
"1634","33.38723244","14.8865532649291"
"1635","33.403938652","14.8812116152125"
"1636","33.439365712","14.8461334033289"
"1637","33.456072228","14.8114052940402"
"1638","33.47278047","14.7921910136575"
"1639","33.489488743","14.7702379560141"
"1640","33.506196985","14.7419638477242"
"1641","33.541625712","14.701468647591"
"1642","33.558334197","14.7021053320567"
"1643","33.57504244","14.713354409101"
"1644","33.591748652","14.7592725063884"
"1645","33.608456894","14.7998770212558"
"1646","33.643886712","14.8620652872321"
"1647","33.660594864","14.8943751773321"
"1648","33.677305167","14.912853799098"
"1649","33.694013409","14.9041337332027"
"1650","33.710721622","14.9136367289513"
"1651","33.746149712","14.9597645923504"
"1652","33.762859591","14.9836040677726"
"1653","33.779569864","15.0014770268217"
"1654","33.796280137","14.9922798168837"
"1655","33.812990531","14.9472643047669"
"1656","33.848417712","14.9517299593834"
"1657","33.865126015","15.0207725546421"
"1658","33.881832258","15.0624259000678"
"1659","33.89853847","15.1206492910885"
"1660","33.915244682","15.1421621353426"
"1661","33.950673712","15.0302785048429"
"1662","33.96737944","14.9325851086292"
"1663","33.984089712","14.7942399263115"
"1664","34.000800015","14.6737529307815"
"1665","34.017508258","14.5635961776377"
"1666","34.052932712","14.4109026978373"
"1667","34.069640652","14.3894031486184"
"1668","34.086348925","14.3710619088834"
"1669","34.103055167","14.3186543571698"
"1670","34.11976344","14.2568826689646"
"1671","34.155189712","14.1508074282484"
"1672","34.171898076","14.1388729178962"
"1673","34.188608349","14.1679964321421"
"1674","34.205314561","14.1608407484998"
"1675","34.222020803","14.0907227303819"
"1676","34.257447712","13.9849212181817"
"1677","34.274158894","13.9704901951854"
"1678","34.290869288","13.9499803862714"
"1679","34.307577531","13.906068359494"
"1680","34.324285803","13.8688732803637"
"1681","34.359715712","13.8690032762715"
"1682","34.376423803","13.9508120646363"
"1683","34.393134076","14.0690994774121"
"1684","34.409842318","14.2383364227033"
"1685","34.426548561","14.3357181299366"
"1686","34.461975712","14.1733576727249"
"1687","34.478681894","14.1209530723774"
"1688","34.495390106","14.088154218494"
"1689","34.512100379","13.9973195778918"
"1690","34.528810652","13.9652888816456"
"1691","34.564233712","14.2886684746564"
"1692","34.580945894","14.436847560104"
"1693","34.597656167","14.4747251177504"
"1694","34.61436847","14.4445542493221"
"1695","34.631076712","14.348104671837"
"1696","34.666502712","14.0611918854273"
"1697","34.683210622","14.0729594695392"
"1698","34.699920894","14.0635539701618"
"1699","34.716631167","14.0326533519781"

"Min","0","12.7144797115673"
"Max","34.716631167","16.9877693495061"
"Mean","17.3564596687905","13.5633150011643"
"StdDev","10.0339245464045","0.538957852015307"
"CV","57.8108942600028%","3.97364399462109%"
