Subject,ImagePath
Sub1,/home/binghin2/Myproject/Research/CATSA/Data_Analysis/Delta_HR_outputs/Sub1_delta_plot.png
Sub2,/home/binghin2/Myproject/Research/CATSA/Data_Analysis/Delta_HR_outputs/Sub2_delta_plot.png
Sub3,/home/binghin2/Myproject/Research/CATSA/Data_Analysis/Delta_HR_outputs/Sub3_delta_plot.png
Sub4,/home/binghin2/Myproject/Research/CATSA/Data_Analysis/Delta_HR_outputs/Sub4_delta_plot.png
Sub5,/home/binghin2/Myproject/Research/CATSA/Data_Analysis/Delta_HR_outputs/Sub5_delta_plot.png
Sub6,/home/binghin2/Myproject/Research/CATSA/Data_Analysis/Delta_HR_outputs/Sub6_delta_plot.png
Sub7,/home/binghin2/Myproject/Research/CATSA/Data_Analysis/Delta_HR_outputs/Sub7_delta_plot.png
Sub8,/home/binghin2/Myproject/Research/CATSA/Data_Analysis/Delta_HR_outputs/Sub8_delta_plot.png
Sub9,/home/binghin2/Myproject/Research/CATSA/Data_Analysis/Delta_HR_outputs/Sub9_delta_plot.png
Sub10,/home/binghin2/Myproject/Research/CATSA/Data_Analysis/Delta_HR_outputs/Sub10_delta_plot.png
Sub11,/home/binghin2/Myproject/Research/CATSA/Data_Analysis/Delta_HR_outputs/Sub11_delta_plot.png
Sub12,/home/binghin2/Myproject/Research/CATSA/Data_Analysis/Delta_HR_outputs/Sub12_delta_plot.png
Sub13,/home/binghin2/Myproject/Research/CATSA/Data_Analysis/Delta_HR_outputs/Sub13_delta_plot.png
Sub14,/home/binghin2/Myproject/Research/CATSA/Data_Analysis/Delta_HR_outputs/Sub14_delta_plot.png
Sub15,/home/binghin2/Myproject/Research/CATSA/Data_Analysis/Delta_HR_outputs/Sub15_delta_plot.png
Sub16,/home/binghin2/Myproject/Research/CATSA/Data_Analysis/Delta_HR_outputs/Sub16_delta_plot.png
Sub17,/home/binghin2/Myproject/Research/CATSA/Data_Analysis/Delta_HR_outputs/Sub17_delta_plot.png
Sub18,/home/binghin2/Myproject/Research/CATSA/Data_Analysis/Delta_HR_outputs/Sub18_delta_plot.png
Sub20,/home/binghin2/Myproject/Research/CATSA/Data_Analysis/Delta_HR_outputs/Sub20_delta_plot.png
Sub21,/home/binghin2/Myproject/Research/CATSA/Data_Analysis/Delta_HR_outputs/Sub21_delta_plot.png
Sub22,/home/binghin2/Myproject/Research/CATSA/Data_Analysis/Delta_HR_outputs/Sub22_delta_plot.png
Sub23,/home/binghin2/Myproject/Research/CATSA/Data_Analysis/Delta_HR_outputs/Sub23_delta_plot.png
Sub24,/home/binghin2/Myproject/Research/CATSA/Data_Analysis/Delta_HR_outputs/Sub24_delta_plot.png
Sub26,/home/binghin2/Myproject/Research/CATSA/Data_Analysis/Delta_HR_outputs/Sub26_delta_plot.png
Sub27,/home/binghin2/Myproject/Research/CATSA/Data_Analysis/Delta_HR_outputs/Sub27_delta_plot.png
Sub28,/home/binghin2/Myproject/Research/CATSA/Data_Analysis/Delta_HR_outputs/Sub28_delta_plot.png
Sub29,/home/binghin2/Myproject/Research/CATSA/Data_Analysis/Delta_HR_outputs/Sub29_delta_plot.png
Sub30,/home/binghin2/Myproject/Research/CATSA/Data_Analysis/Delta_HR_outputs/Sub30_delta_plot.png
Sub31,/home/binghin2/Myproject/Research/CATSA/Data_Analysis/Delta_HR_outputs/Sub31_delta_plot.png
Sub32,/home/binghin2/Myproject/Research/CATSA/Data_Analysis/Delta_HR_outputs/Sub32_delta_plot.png
Sub33,/home/binghin2/Myproject/Research/CATSA/Data_Analysis/Delta_HR_outputs/Sub33_delta_plot.png
Sub34,/home/binghin2/Myproject/Research/CATSA/Data_Analysis/Delta_HR_outputs/Sub34_delta_plot.png
Sub35,/home/binghin2/Myproject/Research/CATSA/Data_Analysis/Delta_HR_outputs/Sub35_delta_plot.png
Sub36,/home/binghin2/Myproject/Research/CATSA/Data_Analysis/Delta_HR_outputs/Sub36_delta_plot.png
Sub37,/home/binghin2/Myproject/Research/CATSA/Data_Analysis/Delta_HR_outputs/Sub37_delta_plot.png
Sub38,/home/binghin2/Myproject/Research/CATSA/Data_Analysis/Delta_HR_outputs/Sub38_delta_plot.png
Sub40,/home/binghin2/Myproject/Research/CATSA/Data_Analysis/Delta_HR_outputs/Sub40_delta_plot.png
Sub41,/home/binghin2/Myproject/Research/CATSA/Data_Analysis/Delta_HR_outputs/Sub41_delta_plot.png
Sub42,/home/binghin2/Myproject/Research/CATSA/Data_Analysis/Delta_HR_outputs/Sub42_delta_plot.png
Sub43,/home/binghin2/Myproject/Research/CATSA/Data_Analysis/Delta_HR_outputs/Sub43_delta_plot.png
Sub44,/home/binghin2/Myproject/Research/CATSA/Data_Analysis/Delta_HR_outputs/Sub44_delta_plot.png
Sub45,/home/binghin2/Myproject/Research/CATSA/Data_Analysis/Delta_HR_outputs/Sub45_delta_plot.png
Sub46,/home/binghin2/Myproject/Research/CATSA/Data_Analysis/Delta_HR_outputs/Sub46_delta_plot.png
Sub47,/home/binghin2/Myproject/Research/CATSA/Data_Analysis/Delta_HR_outputs/Sub47_delta_plot.png
Sub48,/home/binghin2/Myproject/Research/CATSA/Data_Analysis/Delta_HR_outputs/Sub48_delta_plot.png
Sub49,/home/binghin2/Myproject/Research/CATSA/Data_Analysis/Delta_HR_outputs/Sub49_delta_plot.png
Sub50,/home/binghin2/Myproject/Research/CATSA/Data_Analysis/Delta_HR_outputs/Sub50_delta_plot.png
Sub51,/home/binghin2/Myproject/Research/CATSA/Data_Analysis/Delta_HR_outputs/Sub51_delta_plot.png
Sub52,/home/binghin2/Myproject/Research/CATSA/Data_Analysis/Delta_HR_outputs/Sub52_delta_plot.png
Sub53,/home/binghin2/Myproject/Research/CATSA/Data_Analysis/Delta_HR_outputs/Sub53_delta_plot.png
